-- phpMyAdmin SQL Dump
-- version 4.5.1
-- http://www.phpmyadmin.net
--
-- Host: 127.0.0.1
-- Generation Time: Jan 31, 2018 at 05:50 AM
-- Server version: 10.1.10-MariaDB
-- PHP Version: 7.0.2

SET SQL_MODE = "NO_AUTO_VALUE_ON_ZERO";
SET time_zone = "+00:00";


/*!40101 SET @OLD_CHARACTER_SET_CLIENT=@@CHARACTER_SET_CLIENT */;
/*!40101 SET @OLD_CHARACTER_SET_RESULTS=@@CHARACTER_SET_RESULTS */;
/*!40101 SET @OLD_COLLATION_CONNECTION=@@COLLATION_CONNECTION */;
/*!40101 SET NAMES utf8mb4 */;

--
-- Database: `employees`
--

-- --------------------------------------------------------

--
-- Table structure for table `tblemployees`
--

CREATE TABLE `tblemployees` (
  `empId` char(9) NOT NULL DEFAULT '',
  `firstName` varchar(20) DEFAULT NULL,
  `lastName` varchar(25) DEFAULT NULL,
  `gender` char(1) DEFAULT NULL,
  `plantId` int(11) DEFAULT NULL,
  `phone` varchar(10) DEFAULT NULL,
  `hireDate` date DEFAULT NULL,
  `salary` decimal(8,2) DEFAULT NULL,
  `unionMember` tinyint(1) DEFAULT NULL
) ENGINE=InnoDB DEFAULT CHARSET=latin1;

--
-- Dumping data for table `tblemployees`
--

INSERT INTO `tblemployees` (`empId`, `firstName`, `lastName`, `gender`, `plantId`, `phone`, `hireDate`, `salary`, `unionMember`) VALUES
('', 'brent', 'presley', NULL, NULL, NULL, NULL, NULL, NULL),
('101010101', 'Tammy', 'Agenn', 'F', 4, '1011182823', '1998-10-05', '75125.00', 0),
('111111111', 'Hector', 'Sanchez', 'M', 4, '1111231234', '1988-02-05', '54123.00', 0),
('121212121', 'Robert', 'Zoolow', 'M', 1, '1221221212', '1991-10-09', '30200.00', 1),
('131311313', 'Denise', 'Heart', 'F', 2, '1313331331', '1997-01-08', '29795.00', 1),
('141441441', 'Alex', 'Davis', 'M', 3, '1441141414', '1992-01-31', '20500.00', 1),
('155115151', 'Christina', 'Hampton', 'F', 4, '1515551515', '1991-02-26', '26555.00', 1),
('166166116', 'Mark', 'Wheeler', 'M', 1, '1661166611', '2002-08-18', '61265.00', 0),
('171717711', 'Sherry', 'Hatcher', 'F', 2, '1771223712', '2001-11-03', '25000.00', 1),
('188118811', 'Timothy', 'Franchise', 'M', 3, '1818811823', '1989-10-29', '31265.00', 1),
('199119911', 'Betsy', 'Turngrow', 'F', 4, '1911191919', '1989-04-18', '19991.00', 1),
('202002020', 'Charles', 'Diamond', 'M', 1, '2002102342', '1992-04-22', '23267.00', 1),
('211211221', 'Janice', 'Helfer', 'F', 2, '2123343526', '1998-02-22', '33125.00', 1),
('222222222', 'Louise', 'Dommler', 'F', 1, '2221231234', '1997-02-17', '33000.00', 1),
('223235234', 'Yacob', 'Meiser', 'M', 3, '2213523441', '2002-04-08', '43125.00', 0),
('233225234', 'Tarise', 'Fountane', 'F', 4, '2315135252', '2000-09-21', '31125.00', 1),
('245162423', 'Thomas', 'Feltz', 'M', 1, '2463523612', '1999-05-05', '40100.00', 1),
('256133576', 'Tammy', 'Barr', 'F', 2, '2575345345', '1997-07-02', '66789.00', 0),
('262423623', 'Abdul', 'Shrif', 'M', 3, '2675345326', '1992-06-12', '17810.00', 1),
('277255234', 'Silvia', 'Moehen', 'F', 4, '2781231123', '1987-01-26', '21200.00', 1),
('288121523', 'Tripper', 'Eggmer', 'M', 1, '2898209013', '1995-02-21', '23101.00', 1),
('291151234', 'Nancy', 'Zith', 'F', 2, '2981485034', '1988-06-30', '28129.00', 1),
('301242323', 'Norbert', 'Linper', 'M', 3, '3023423523', '1997-07-16', '19900.00', 1),
('312412423', 'Trisha', 'Poolman', 'F', 4, '3112351241', '1994-02-22', '27810.00', 1),
('325151234', 'Niles', 'O''Dollen', 'M', 1, '3214235171', '1988-04-28', '21990.00', 1),
('332108502', 'Che', 'Xu', 'F', 2, '3310238016', '1996-08-28', '33121.00', 1),
('333333333', 'Ahmahl', 'Lumbre', 'M', 2, '3331234424', '1993-02-03', '27125.00', 1),
('341265114', 'Pi', 'Xu', 'M', 2, '3312315252', '2001-06-27', '33121.00', 1),
('352341235', 'Frans', 'Lorman', 'M', 3, '1612426123', '2002-02-13', '28750.00', 1),
('361234123', 'Annette', 'Chipple', 'F', 4, '3616213412', '2001-02-09', '71250.00', 0),
('371498719', 'Jason', 'Hanson', 'M', 1, '3723085725', '1988-07-26', '33100.00', 1),
('381513412', 'Constance', 'Pagel', 'F', 2, '3813401298', '2001-10-08', '22800.00', 1),
('399002344', 'Alex', 'Donaldson', 'M', 3, '9384792384', '1986-04-30', '31900.00', 1),
('404121345', 'Martine', 'Samly', 'F', 4, '4042342523', '1989-03-27', '81000.00', 0),
('410928576', 'Lester', 'Smole', 'M', 1, '1221524123', '1987-09-07', '19800.00', 1),
('425126344', 'Snowy', 'Roberst', 'F', 2, '6354212614', '1991-02-08', '20100.00', 1),
('435092872', 'Charles', 'Mons', 'M', 3, '7452373623', '1986-04-08', '22002.00', 1),
('441612437', 'Arnold', 'Ammiga', 'M', 4, '4572349123', '1993-07-26', '25500.00', 1),
('444444444', 'Anita', 'Cruz', 'F', 3, '4444211233', '1998-07-05', '77100.00', 0),
('452561246', 'Andrea', 'Ammiga', 'F', 4, '4571409823', '2001-10-19', '27000.00', 1),
('461724235', 'Frank', 'Shoreman', 'M', 1, '4674125125', '1990-04-30', '23100.00', 1),
('472352351', 'Candy', 'Scench', 'F', 2, '5723049125', '1997-08-11', '30100.00', 1),
('482351236', 'Michael', 'Tronno', 'M', 3, '4851512315', '1997-04-30', '21001.00', 1),
('490514124', 'Red', 'Novell', 'M', 4, '4153423515', '1994-06-11', '28000.00', 1),
('505515235', 'Tina', 'Cloaker', 'F', 1, '6123465125', '2002-08-31', '32100.00', 1),
('511261241', 'Alice', 'Thomas', 'F', 2, '1651241245', '1995-04-14', '33100.00', 1),
('555555555', 'Roger', 'Cruz', 'M', 3, '4444213321', '1988-03-02', '21200.00', 1),
('666666666', 'Sally', 'Thomas', 'F', 4, '6661323534', '2001-01-22', '32125.00', 1),
('777777777', 'Fred', 'Tamarack', 'M', 1, '7777771243', '1992-07-11', '28250.00', 1),
('888888888', 'Diane', 'Comstock', 'F', 2, '8888181221', '1986-06-22', '19125.00', 1),
('999999999', 'Alex', 'Barnhoff', 'M', 3, '9999019232', '1990-07-21', '25423.00', 1);

-- --------------------------------------------------------

--
-- Table structure for table `tblplants`
--

CREATE TABLE `tblplants` (
  `plantId` int(11) NOT NULL,
  `plantName` varchar(15) DEFAULT NULL,
  `state` char(2) DEFAULT NULL,
  `foreman` varchar(50) DEFAULT NULL,
  `foremanPhone` varchar(10) DEFAULT NULL,
  `established` date DEFAULT NULL
) ENGINE=InnoDB DEFAULT CHARSET=latin1;

--
-- Dumping data for table `tblplants`
--

INSERT INTO `tblplants` (`plantId`, `plantName`, `state`, `foreman`, `foremanPhone`, `established`) VALUES
(1, 'Coloma', 'MI', 'Femmer, Richard', '2691233456', '1958-08-01'),
(2, 'Polonia', 'WI', 'Krzmarczyk, Hugo', '7153388822', '2006-01-15'),
(3, 'Richmond', 'VA', 'Compton, Alice', '7771233456', '1961-03-21'),
(4, 'Saugatuk', 'MI', 'Bobberton, Fred', '2693451234', '1979-05-31');

-- --------------------------------------------------------

--
-- Table structure for table `tblstates`
--

CREATE TABLE `tblstates` (
  `stateAbbr` char(2) NOT NULL,
  `stateName` varchar(21) DEFAULT NULL,
  `stateType` char(1) DEFAULT NULL
) ENGINE=InnoDB DEFAULT CHARSET=latin1;

--
-- Dumping data for table `tblstates`
--

INSERT INTO `tblstates` (`stateAbbr`, `stateName`, `stateType`) VALUES
('AB', 'Alberta', 'C'),
('AK', 'Alaska', 'U'),
('AL', 'Alabama', 'U'),
('AR', 'Arkansas', 'U'),
('AS', 'American Samoa', 'T'),
('AZ', 'Arizona', 'U'),
('BC', 'British Columbia', 'C'),
('CA', 'California', 'U'),
('CO', 'Colorado', 'U'),
('CT', 'Connecticut', 'U'),
('DC', 'District of Columbia', 'T'),
('DE', 'Deleware', 'U'),
('FL', 'FlorIda', 'U'),
('FM', 'States of Micronesia', 'T'),
('GA', 'Georgia', 'U'),
('GU', 'Guam', 'T'),
('HI', 'Hawaii', 'U'),
('IA', 'Iowa', 'U'),
('Id', 'Idaho', 'U'),
('IL', 'Illinois', 'U'),
('IN', 'Indiana', 'U'),
('KS', 'Kansas', 'U'),
('KY', 'Kentucky', 'U'),
('LA', 'Louisianna', 'U'),
('MA', 'Massachusetts', 'U'),
('MB', 'Manitoba', 'C'),
('MD', 'Maryland', 'U'),
('ME', 'Maine', 'U'),
('MH', 'Marshall Islands', 'T'),
('MI', 'Michigan', 'U'),
('MN', 'Minnesota', 'U'),
('MO', 'Missouri', 'U'),
('MP', 'Mariana Islands', 'T'),
('MS', 'Mississippi', 'U'),
('MT', 'Montana', 'U'),
('NB', 'New Brunswick', 'C'),
('NC', 'North Carolina', 'U'),
('ND', 'North Dakota', 'U'),
('NE', 'Nebraska', 'U'),
('NH', 'New Hampshire', 'U'),
('NJ', 'New Jersey', 'U'),
('NL', 'Newfoundland', 'C'),
('NM', 'New Mexico', 'U'),
('NS', 'Nova Scotia', 'C'),
('NT', 'Northwest Territories', 'C'),
('NU', 'Nunavut', 'C'),
('NV', 'Nevada', 'U'),
('NY', 'New York', 'U'),
('OH', 'Ohio', 'U'),
('OK', 'Oklahoma', 'U'),
('ON', 'Ontario', 'C'),
('OR', 'Oregon', 'U'),
('PA', 'Pennsylvania', 'U'),
('PE', 'Prince Edward Island', 'C'),
('PR', 'Puerto Rico', 'T'),
('PW', 'Palau', 'T'),
('QC', 'Quebec', 'C'),
('RI', 'Rhode Island', 'U'),
('SC', 'South Carolina', 'U'),
('SD', 'South Dakota', 'U'),
('SK', 'Saskatchewan', 'C'),
('TN', 'Tennesee', 'U'),
('TX', 'Texas', 'U'),
('UT', 'Utah', 'U'),
('VA', 'Virginia', 'U'),
('VI', 'Virgin Islands', 'T'),
('VT', 'Vermont', 'U'),
('WA', 'Washington', 'U'),
('WI', 'Wisconsin', 'U'),
('WV', 'West Virginia', 'U'),
('WY', 'Wyoming', 'U'),
('YT', 'Yukon', 'C');

-- --------------------------------------------------------

--
-- Table structure for table `tbltrips`
--

CREATE TABLE `tbltrips` (
  `empId` char(9) NOT NULL DEFAULT '',
  `tripDate` date NOT NULL DEFAULT '0000-00-00',
  `destination` varchar(50) DEFAULT NULL,
  `duration` int(11) DEFAULT NULL,
  `expenses` decimal(6,2) DEFAULT NULL
) ENGINE=InnoDB DEFAULT CHARSET=latin1;

--
-- Dumping data for table `tbltrips`
--

INSERT INTO `tbltrips` (`empId`, `tripDate`, `destination`, `duration`, `expenses`) VALUES
('101010101', '2010-02-05', 'Philadelphia', 7, '904.05'),
('101010101', '2010-02-06', 'Dallas', 6, '69.02'),
('101010101', '2010-02-12', 'Miami', 8, '430.50'),
('101010101', '2010-02-22', 'Miami', 4, '136.06'),
('101010101', '2010-02-26', 'Chicago', 2, '405.50'),
('101010101', '2010-02-27', 'San Francisco', 8, '115.26'),
('111111111', '2010-02-03', 'Chicago', 1, '776.04'),
('111111111', '2010-02-09', 'Philadelphia', 8, '325.06'),
('111111111', '2010-02-13', 'Cleveland', 2, '785.04'),
('111111111', '2010-02-25', 'Miami', 8, '366.39'),
('111111111', '2010-02-26', 'Philadelphia', 1, '550.68'),
('111111111', '2010-02-27', 'Miami', 1, '806.36'),
('121212121', '2010-02-04', 'Cleveland', 2, '165.41'),
('121212121', '2010-02-07', 'Philadelphia', 4, '745.74'),
('121212121', '2010-02-09', 'Dallas', 3, '335.31'),
('121212121', '2010-02-11', 'Cleveland', 5, '548.60'),
('121212121', '2010-02-18', 'Philadelphia', 2, '289.88'),
('121212121', '2010-02-23', 'Fort Worth', 3, '985.66'),
('131311313', '2010-02-07', 'Fort Worth', 1, '157.16'),
('131311313', '2010-02-08', 'Fort Worth', 9, '835.08'),
('131311313', '2010-02-12', 'Atlanta', 8, '125.68'),
('131311313', '2010-02-13', 'New York', 3, '254.11'),
('131311313', '2010-02-15', 'Washington DC', 4, '617.99'),
('131311313', '2010-02-19', 'Cleveland', 8, '989.02'),
('141441441', '0000-00-00', 'Cleveland', 5, '881.61'),
('141441441', '2010-02-02', 'Washington DC', 3, '981.08'),
('141441441', '2010-02-10', 'San Francisco', 5, '691.96'),
('141441441', '2010-02-17', 'Atlanta', 7, '581.58'),
('141441441', '2010-02-18', 'Miami', 5, '515.24'),
('141441441', '2010-03-01', 'Miami', NULL, NULL),
('155115151', '2010-02-01', 'Dallas', 8, '223.95'),
('155115151', '2010-02-12', 'Cleveland', 3, '302.91'),
('155115151', '2010-02-13', 'Philadelphia', 9, '678.90'),
('155115151', '2010-02-14', 'Cleveland', 5, '968.14'),
('155115151', '2010-02-15', 'Miami', 2, '417.48'),
('155115151', '2010-02-25', 'Chicago', 6, '59.84'),
('166166116', '2010-02-01', 'Dallas', 5, '193.51'),
('166166116', '2010-02-06', 'Washington DC', 6, '382.81'),
('166166116', '2010-02-08', 'Dallas', 1, '394.06'),
('166166116', '2010-02-11', 'Cleveland', 2, '616.90'),
('166166116', '2010-02-21', 'Cleveland', 4, '56.60'),
('166166116', '2010-02-23', 'San Francisco', 7, '360.40'),
('171717711', '2010-02-07', 'Cleveland', 1, '152.31'),
('171717711', '2010-02-13', 'Miami', 3, '158.10'),
('171717711', '2010-02-14', 'Chicago', 4, '877.07'),
('171717711', '2010-02-15', 'Fort Worth', 1, '749.93'),
('171717711', '2010-02-16', 'Philadelphia', 1, '526.17'),
('171717711', '2010-02-21', 'Miami', 5, '61.51'),
('188118811', '2010-02-03', 'Atlanta', 9, '914.68'),
('188118811', '2010-02-08', 'Cleveland', 6, '412.94'),
('188118811', '2010-02-10', 'Philadelphia', 7, '175.33'),
('188118811', '2010-02-25', 'Cleveland', 4, '105.01'),
('188118811', '2010-02-26', 'Atlanta', 3, '511.93'),
('188118811', '2010-03-01', 'Fort Worth', 4, NULL),
('199119911', '2010-02-11', 'Washington DC', 4, '98.25'),
('199119911', '2010-02-17', 'San Francisco', 4, '51.01'),
('199119911', '2010-02-21', 'New York', 9, '539.95'),
('199119911', '2010-02-23', 'Philadelphia', 3, '908.09'),
('199119911', '2010-02-25', 'San Francisco', 1, '198.35'),
('199119911', '2010-02-26', 'Cleveland', 1, '63.79'),
('202002020', '2010-02-15', 'Fort Worth', 7, '760.60'),
('202002020', '2010-02-16', 'Atlanta', 7, '994.74'),
('202002020', '2010-02-17', 'New York', 7, '441.10'),
('202002020', '2010-02-18', 'San Francisco', 5, '288.61'),
('202002020', '2010-02-27', 'New York', 2, '185.60'),
('202002020', '2010-03-01', 'Atlanta', NULL, NULL),
('211211221', '2010-02-03', 'New York', 3, '195.58'),
('211211221', '2010-02-12', 'Fort Worth', 9, '781.04'),
('211211221', '2010-02-15', 'Cleveland', 5, '865.27'),
('211211221', '2010-02-25', 'Chicago', 1, '359.71'),
('211211221', '2010-02-28', 'New York', 6, '482.02'),
('211211221', '2010-03-01', 'San Francisco', 4, NULL),
('222222222', '0000-00-00', 'Washington DC', 2, '385.12'),
('222222222', '2010-02-01', 'San Francisco', 4, '646.09'),
('222222222', '2010-02-12', 'New York', 5, '474.13'),
('222222222', '2010-02-17', 'Washington DC', 9, '773.10'),
('222222222', '2010-02-23', 'Miami', 2, '419.39'),
('222222222', '2010-02-25', 'Philadelphia', 8, '679.33'),
('223235234', '2010-02-04', 'Chicago', 2, '143.72'),
('223235234', '2010-02-06', 'Chicago', 3, '314.37'),
('223235234', '2010-02-07', 'Miami', 7, '742.55'),
('223235234', '2010-02-10', 'Dallas', 7, '865.71'),
('223235234', '2010-02-16', 'Washington DC', 4, '144.88'),
('223235234', '2010-02-17', 'Philadelphia', 6, '916.58'),
('233225234', '2010-02-14', 'Dallas', 8, '338.68'),
('233225234', '2010-02-19', 'New York', 5, '578.26'),
('233225234', '2010-02-26', 'Philadelphia', 9, '148.39'),
('233225234', '2010-02-27', 'Miami', 6, '89.02'),
('233225234', '2010-02-28', 'Washington DC', 9, '129.15'),
('233225234', '2010-03-01', 'New York', 8, NULL),
('245162423', '0000-00-00', 'Philadelphia', 8, '337.23'),
('245162423', '2010-02-03', 'Philadelphia', 3, '363.33'),
('245162423', '2010-02-06', 'Cleveland', 6, '502.39'),
('245162423', '2010-02-08', 'Fort Worth', 4, '566.74'),
('245162423', '2010-02-09', 'Fort Worth', 9, '858.43'),
('245162423', '2010-02-25', 'Miami', 9, '209.06'),
('256133576', '2010-02-09', 'Atlanta', 5, '384.06'),
('256133576', '2010-02-11', 'San Francisco', 1, '471.03'),
('256133576', '2010-02-12', 'Cleveland', 4, '968.97'),
('256133576', '2010-02-13', 'Dallas', 1, '680.95'),
('256133576', '2010-02-15', 'San Francisco', 7, '857.14'),
('256133576', '2010-02-17', 'Dallas', 8, '883.33'),
('262423623', '0000-00-00', 'Chicago', 6, '169.47'),
('262423623', '2010-02-01', 'Atlanta', 2, '101.26'),
('262423623', '2010-02-11', 'San Francisco', 7, '538.91'),
('262423623', '2010-02-12', 'Chicago', 3, '192.99'),
('262423623', '2010-02-21', 'Atlanta', 7, '357.00'),
('262423623', '2010-02-26', 'Cleveland', 8, '580.47'),
('277255234', '0000-00-00', 'Washington DC', 2, '721.03'),
('277255234', '2010-02-05', 'Washington DC', 2, '997.74'),
('277255234', '2010-02-14', 'Fort Worth', 4, '823.74'),
('277255234', '2010-02-18', 'Cleveland', 6, '159.91'),
('277255234', '2010-02-22', 'Chicago', 5, '367.90'),
('277255234', '2010-02-24', 'Dallas', 9, '969.20'),
('288121523', '0000-00-00', 'Cleveland', 1, '532.63'),
('288121523', '2010-02-06', 'Dallas', 6, '501.42'),
('288121523', '2010-02-11', 'Miami', 3, '507.88'),
('288121523', '2010-02-19', 'San Francisco', 9, '731.14'),
('288121523', '2010-02-20', 'Washington DC', 2, '828.32'),
('288121523', '2010-02-27', 'Atlanta', 8, '577.69'),
('291151234', '2010-02-07', 'New York', 2, '388.79'),
('291151234', '2010-02-15', 'Chicago', 7, '577.35'),
('291151234', '2010-02-22', 'Philadelphia', 9, '528.42'),
('291151234', '2010-02-23', 'New York', 7, '402.35'),
('291151234', '2010-02-26', 'Washington DC', 9, '583.57'),
('291151234', '2010-03-01', 'San Francisco', 4, NULL),
('301242323', '2010-02-05', 'Atlanta', 1, '829.69'),
('301242323', '2010-02-15', 'Fort Worth', 3, '584.45'),
('301242323', '2010-02-20', 'Miami', 2, '514.91'),
('301242323', '2010-02-21', 'New York', 3, '841.79'),
('301242323', '2010-02-24', 'Miami', 2, '365.39'),
('301242323', '2010-02-26', 'Miami', 3, '455.76'),
('312412423', '2010-02-01', 'Fort Worth', 9, '737.39'),
('312412423', '2010-02-03', 'Dallas', 7, '73.99'),
('312412423', '2010-02-07', 'Fort Worth', 2, '759.35'),
('312412423', '2010-02-15', 'Philadelphia', 7, '456.24'),
('312412423', '2010-02-20', 'Atlanta', 5, '316.77'),
('312412423', '2010-02-25', 'Chicago', 1, '594.54'),
('325151234', '0000-00-00', 'Dallas', 1, '241.62'),
('325151234', '2010-02-10', 'Chicago', 4, '478.24'),
('325151234', '2010-02-11', 'San Francisco', 5, '398.72'),
('325151234', '2010-02-18', 'Dallas', 4, '514.95'),
('325151234', '2010-02-21', 'Washington DC', 3, '110.21'),
('325151234', '2010-02-28', 'Atlanta', 8, '66.80'),
('332108502', '2010-02-02', 'Miami', 4, '866.95'),
('332108502', '2010-02-03', 'New York', 1, '71.08'),
('332108502', '2010-02-06', 'Dallas', 4, '50.54'),
('332108502', '2010-02-19', 'Atlanta', 3, '924.59'),
('332108502', '2010-02-20', 'Dallas', 7, '127.12'),
('332108502', '2010-02-27', 'Miami', 8, '709.25'),
('333333333', '2010-02-10', 'Miami', 7, '53.31'),
('333333333', '2010-02-12', 'Fort Worth', 8, '607.46'),
('333333333', '2010-02-19', 'San Francisco', 1, '215.32'),
('333333333', '2010-02-20', 'Cleveland', 1, '299.49'),
('333333333', '2010-02-22', 'Miami', 8, '897.16'),
('333333333', '2010-02-25', 'Dallas', 3, '434.31'),
('341265114', '2010-02-02', 'Philadelphia', 8, '454.63'),
('341265114', '2010-02-05', 'Cleveland', 5, '803.30'),
('341265114', '2010-02-08', 'Washington DC', 3, '890.55'),
('341265114', '2010-02-19', 'Philadelphia', 1, '803.48'),
('341265114', '2010-02-22', 'Fort Worth', 4, '963.19'),
('341265114', '2010-02-27', 'San Francisco', 1, '809.68'),
('352341235', '2010-02-01', 'Cleveland', 4, '588.47'),
('352341235', '2010-02-02', 'Atlanta', 5, '764.01'),
('352341235', '2010-02-04', 'Philadelphia', 1, '649.10'),
('352341235', '2010-02-16', 'Dallas', 6, '892.28'),
('352341235', '2010-02-23', 'Miami', 2, '317.64'),
('352341235', '2010-02-25', 'Philadelphia', 7, '968.57'),
('361234123', '0000-00-00', 'San Francisco', 3, '52.97'),
('361234123', '2010-02-05', 'Chicago', 5, '300.17'),
('361234123', '2010-02-11', 'Chicago', 6, '479.97'),
('361234123', '2010-02-14', 'Dallas', 9, '608.60'),
('361234123', '2010-02-15', 'Cleveland', 2, '643.14'),
('361234123', '2010-02-21', 'Atlanta', 3, '381.72'),
('371498719', '2010-02-04', 'Miami', 8, '472.45'),
('371498719', '2010-02-07', 'Miami', 4, '86.27'),
('371498719', '2010-02-11', 'Miami', 5, '252.32'),
('371498719', '2010-02-16', 'San Francisco', 8, '626.84'),
('371498719', '2010-02-23', 'Fort Worth', 4, '298.91'),
('371498719', '2010-03-01', 'Atlanta', NULL, NULL),
('381513412', '2010-02-05', 'Washington DC', 9, '627.79'),
('381513412', '2010-02-08', 'New York', 6, '189.81'),
('381513412', '2010-02-10', 'Chicago', 4, '634.82'),
('381513412', '2010-02-15', 'Atlanta', 6, '57.35'),
('381513412', '2010-02-17', 'Miami', 8, '328.15'),
('381513412', '2010-02-20', 'San Francisco', 7, '241.03'),
('399002344', '2010-02-02', 'Philadelphia', 3, '158.25'),
('399002344', '2010-02-04', 'Philadelphia', 3, '562.98'),
('399002344', '2010-02-14', 'Dallas', 9, '302.06'),
('399002344', '2010-02-16', 'New York', 8, '558.23'),
('399002344', '2010-02-17', 'San Francisco', 8, '508.03'),
('399002344', '2010-02-20', 'Philadelphia', 1, '221.95'),
('404121345', '0000-00-00', 'New York', 8, '185.43'),
('404121345', '2010-02-05', 'Atlanta', 8, '998.74'),
('404121345', '2010-02-11', 'Cleveland', 7, '411.27'),
('404121345', '2010-02-13', 'Philadelphia', 3, '927.96'),
('404121345', '2010-02-16', 'Philadelphia', 7, '98.14'),
('404121345', '2010-02-26', 'Chicago', 8, '855.36'),
('410928576', '2010-02-03', 'Cleveland', 1, '921.44'),
('410928576', '2010-02-04', 'Cleveland', 1, '928.79'),
('410928576', '2010-02-05', 'Atlanta', 9, '317.84'),
('410928576', '2010-02-19', 'Miami', 1, '585.41'),
('410928576', '2010-02-21', 'San Francisco', 2, '990.22'),
('410928576', '2010-02-24', 'Cleveland', 2, '581.46'),
('425126344', '2010-02-01', 'Washington DC', 9, '542.78'),
('425126344', '2010-02-03', 'Fort Worth', 7, '687.18'),
('425126344', '2010-02-14', 'Philadelphia', 5, '611.67'),
('425126344', '2010-02-16', 'Cleveland', 4, '756.09'),
('425126344', '2010-02-21', 'Chicago', 6, '442.12'),
('425126344', '2010-02-28', 'Dallas', 4, '526.12'),
('435092872', '0000-00-00', 'Washington DC', 6, '164.25'),
('435092872', '2010-02-02', 'Atlanta', 4, '138.06'),
('435092872', '2010-02-11', 'Dallas', 6, '607.84'),
('435092872', '2010-02-16', 'Atlanta', 6, '896.58'),
('435092872', '2010-02-21', 'San Francisco', 7, '620.71'),
('435092872', '2010-03-01', 'Atlanta', 3, NULL),
('441612437', '2010-02-02', 'Dallas', 2, '295.05'),
('441612437', '2010-02-08', 'Philadelphia', 5, '769.33'),
('441612437', '2010-02-19', 'Fort Worth', 8, '861.20'),
('441612437', '2010-02-22', 'Philadelphia', 9, '533.38'),
('441612437', '2010-02-23', 'Atlanta', 1, '942.99'),
('441612437', '2010-02-26', 'Philadelphia', 6, '894.64'),
('444444444', '2010-02-02', 'Fort Worth', 3, '859.19'),
('444444444', '2010-02-03', 'New York', 8, '740.62'),
('444444444', '2010-02-06', 'Atlanta', 6, '767.21'),
('444444444', '2010-02-13', 'New York', 6, '254.95'),
('444444444', '2010-02-18', 'Miami', 6, '907.68'),
('444444444', '2010-02-22', 'Fort Worth', 4, '693.65'),
('452561246', '2010-02-01', 'New York', 1, '771.03'),
('452561246', '2010-02-04', 'Cleveland', 3, '299.69'),
('452561246', '2010-02-06', 'San Francisco', 5, '435.09'),
('452561246', '2010-02-09', 'New York', 3, '627.22'),
('452561246', '2010-02-26', 'Dallas', 4, '93.82'),
('452561246', '2010-02-28', 'Dallas', 9, '68.56'),
('461724235', '2010-02-05', 'San Francisco', 1, '251.63'),
('461724235', '2010-02-08', 'Dallas', 4, '557.15'),
('461724235', '2010-02-17', 'Washington DC', 3, '624.97'),
('461724235', '2010-02-19', 'Philadelphia', 6, '857.08'),
('461724235', '2010-02-22', 'San Francisco', 2, '730.69'),
('461724235', '2010-03-01', 'New York', 3, NULL),
('472352351', '2010-02-01', 'Atlanta', 3, '527.58'),
('472352351', '2010-02-12', 'Philadelphia', 9, '630.53'),
('472352351', '2010-02-16', 'Atlanta', 2, '556.16'),
('472352351', '2010-02-18', 'Atlanta', 4, '66.96'),
('472352351', '2010-02-22', 'Fort Worth', 7, '227.77'),
('472352351', '2010-02-24', 'Fort Worth', 5, '254.70'),
('482351236', '2010-02-04', 'Atlanta', 9, '771.26'),
('482351236', '2010-02-05', 'Miami', 1, '289.99'),
('482351236', '2010-02-09', 'Washington DC', 7, '669.00'),
('482351236', '2010-02-19', 'Fort Worth', 5, '875.09'),
('482351236', '2010-02-23', 'New York', 9, '550.98'),
('482351236', '2010-03-01', 'Fort Worth', 1, NULL),
('490514124', '2010-02-03', 'Washington DC', 2, '993.51'),
('490514124', '2010-02-04', 'New York', 6, '415.97'),
('490514124', '2010-02-14', 'Chicago', 2, '494.89'),
('490514124', '2010-02-15', 'Cleveland', 7, '511.42'),
('490514124', '2010-02-24', 'San Francisco', 8, '180.67'),
('490514124', '2010-02-26', 'Atlanta', 9, '325.73'),
('505515235', '2010-02-10', 'Chicago', 3, '350.76'),
('505515235', '2010-02-12', 'Fort Worth', 9, '879.88'),
('505515235', '2010-02-15', 'Fort Worth', 2, '638.74'),
('505515235', '2010-02-18', 'Miami', 4, '282.14'),
('505515235', '2010-02-20', 'Dallas', 7, '75.79'),
('505515235', '2010-02-27', 'Chicago', 5, '415.05'),
('511261241', '2010-02-05', 'Philadelphia', 8, '660.65'),
('511261241', '2010-02-09', 'Miami', 8, '138.18'),
('511261241', '2010-02-20', 'Miami', 3, '894.12'),
('511261241', '2010-02-22', 'Cleveland', 3, '679.96'),
('511261241', '2010-02-24', 'Atlanta', 2, '427.03'),
('511261241', '2010-02-25', 'Washington DC', 9, '174.81'),
('555555555', '2010-02-07', 'Atlanta', 4, '907.96'),
('555555555', '2010-02-17', 'Miami', 9, '144.82'),
('555555555', '2010-02-19', 'Cleveland', 7, '559.30'),
('555555555', '2010-02-23', 'San Francisco', 9, '662.91'),
('555555555', '2010-02-24', 'San Francisco', 3, '131.60'),
('555555555', '2010-03-01', 'San Francisco', 5, NULL),
('666666666', '2010-02-05', 'Chicago', 4, '791.76'),
('666666666', '2010-02-06', 'New York', 5, '584.54'),
('666666666', '2010-02-23', 'Philadelphia', 3, '876.75'),
('666666666', '2010-02-24', 'Chicago', 1, '148.37'),
('666666666', '2010-02-26', 'Miami', 8, '73.71'),
('666666666', '2010-02-27', 'Miami', 1, '208.78'),
('777777777', '2010-02-01', 'New York', 5, '763.49'),
('777777777', '2010-02-06', 'Cleveland', 1, '325.87'),
('777777777', '2010-02-13', 'Washington DC', 6, '84.60'),
('777777777', '2010-02-17', 'New York', 4, '131.13'),
('777777777', '2010-02-21', 'Fort Worth', 6, '501.85'),
('777777777', '2010-03-01', 'Washington DC', 1, NULL),
('888888888', '2010-02-01', 'Miami', 7, '796.34'),
('888888888', '2010-02-05', 'Dallas', 8, '555.93'),
('888888888', '2010-02-10', 'Chicago', 5, '395.12'),
('888888888', '2010-02-16', 'Philadelphia', 2, '597.33'),
('888888888', '2010-02-21', 'Fort Worth', 9, '540.21'),
('888888888', '2010-02-26', 'Washington DC', 4, '988.59'),
('999999999', '2010-02-04', 'Atlanta', 4, '205.51'),
('999999999', '2010-02-05', 'Cleveland', 1, '759.79'),
('999999999', '2010-02-16', 'Miami', 7, '937.68'),
('999999999', '2010-02-19', 'Fort Worth', 5, '389.25'),
('999999999', '2010-02-20', 'Fort Worth', 5, '593.60'),
('999999999', '2010-02-24', 'Chicago', 5, '883.16');

--
-- Indexes for dumped tables
--

--
-- Indexes for table `tblemployees`
--
ALTER TABLE `tblemployees`
  ADD PRIMARY KEY (`empId`);

--
-- Indexes for table `tblplants`
--
ALTER TABLE `tblplants`
  ADD PRIMARY KEY (`plantId`);

--
-- Indexes for table `tblstates`
--
ALTER TABLE `tblstates`
  ADD PRIMARY KEY (`stateAbbr`);

--
-- Indexes for table `tbltrips`
--
ALTER TABLE `tbltrips`
  ADD PRIMARY KEY (`empId`,`tripDate`);

--
-- AUTO_INCREMENT for dumped tables
--

--
-- AUTO_INCREMENT for table `tblplants`
--
ALTER TABLE `tblplants`
  MODIFY `plantId` int(11) NOT NULL AUTO_INCREMENT, AUTO_INCREMENT=5;
/*!40101 SET CHARACTER_SET_CLIENT=@OLD_CHARACTER_SET_CLIENT */;
/*!40101 SET CHARACTER_SET_RESULTS=@OLD_CHARACTER_SET_RESULTS */;
/*!40101 SET COLLATION_CONNECTION=@OLD_COLLATION_CONNECTION */;
